{
    "00020.asc": {
        "x": 45311.9081157694,
        "y": -30507.68926646687,
        "z": 797.6863197429507
    },
    "00021.asc": {
        "x": 45387.09015673872,
        "y": -30508.18566104099,
        "z": 791.8106407698097
    },
    "00022.asc": {
        "x": 45463.26143508921,
        "y": -30508.688587122662,
        "z": 785.857650231233
    },
    "00023.asc": {
        "x": 45538.43633072557,
        "y": -30508.199984754465,
        "z": 779.9837489189613
    },
    "00024.asc": {
        "x": 45613.61837169489,
        "y": -30508.696379328576,
        "z": 774.1080699458212
    },
    "00025.asc": {
        "x": 45688.800412664204,
        "y": -30509.192773902694,
        "z": 768.2323909726802
    },
    "00026.asc": {
        "x": 45764.971691014696,
        "y": -30509.695699984368,
        "z": 762.2794004341035
    },
    "00027.asc": {
        "x": 45840.15373198402,
        "y": -30510.19209455848,
        "z": 756.4037214609621
    },
    "00049.asc": {
        "x": 47499.07623888302,
        "y": -30517.205444957537,
        "z": 626.7593368681651
    },
    "00050.asc": {
        "x": 47574.258279852336,
        "y": -30517.701839531655,
        "z": 620.883657895024
    },
    "00051.asc": {
        "x": 47649.44032082165,
        "y": -30518.198234105774,
        "z": 615.0079789218835
    },
    "00052.asc": {
        "x": 47724.62236179097,
        "y": -30518.694628679885,
        "z": 609.1322999487425
    },
    "00053.asc": {
        "x": 47800.79364014146,
        "y": -30519.19755476156,
        "z": 603.1793094101663
    },
    "00054.asc": {
        "x": 47875.96853577782,
        "y": -30518.708952393354,
        "z": 597.3054080978945
    },
    "00055.asc": {
        "x": 47951.15057674714,
        "y": -30519.205346967465,
        "z": 591.429729124754
    },
    "00056.asc": {
        "x": 48026.332617716456,
        "y": -30519.701741541583,
        "z": 585.554050151613
    },
    "00057.asc": {
        "x": 48101.51465868577,
        "y": -30520.1981361157,
        "z": 579.6783711784724
    },
    "00058.asc": {
        "x": 48177.685937036265,
        "y": -30520.701062197368,
        "z": 573.7253806398958
    },
    "00059.asc": {
        "x": 48252.86797800558,
        "y": -30521.197456771486,
        "z": 567.8497016667548
    },
    "00060.asc": {
        "x": 48328.042873641934,
        "y": -30520.70885440328,
        "z": 561.9758003544839
    },
    "00061.asc": {
        "x": 48403.224914611244,
        "y": -30521.205248977392,
        "z": 556.1001213813438
    },
    "00062.asc": {
        "x": 48479.39619296175,
        "y": -30521.708175059066,
        "z": 550.1471308427663
    },
    "00063.asc": {
        "x": 48554.57823393106,
        "y": -30522.204569633184,
        "z": 544.2714518696257
    },
    "00064.asc": {
        "x": 48629.760274900385,
        "y": -30522.700964207295,
        "z": 538.3957728964842
    },
    "00065.asc": {
        "x": 48704.942315869695,
        "y": -30523.197358781414,
        "z": 532.5200939233446
    },
    "00066.asc": {
        "x": 48780.11721150605,
        "y": -30522.708756413216,
        "z": 526.6461926110733
    },
    "00074.asc": {
        "x": 49383.544868689976,
        "y": -30525.70797907893,
        "z": 479.487915355945
    },
    "00075.asc": {
        "x": 49458.72690965929,
        "y": -30526.204373653047,
        "z": 473.612236382804
    },
    "00076.asc": {
        "x": 49534.898188009785,
        "y": -30526.70729973472,
        "z": 467.65924584422737
    },
    "00077.asc": {
        "x": 49610.08022897911,
        "y": -30527.20369430883,
        "z": 461.7835668710859
    },
    "00078.asc": {
        "x": 49685.26226994842,
        "y": -30527.70008888295,
        "z": 455.90788789794624
    },
    "00079.asc": {
        "x": 49760.43716558478,
        "y": -30527.211486514752,
        "z": 450.0339865856745
    },
    "00080.asc": {
        "x": 49836.60844393527,
        "y": -30527.71441259642,
        "z": 444.08099604709787
    },
    "00081.asc": {
        "x": 49911.79048490459,
        "y": -30528.210807170537,
        "z": 438.20531707395685
    },
    "00082.asc": {
        "x": 49986.972525873905,
        "y": -30528.707201744655,
        "z": 432.3296381008163
    },
    "00083.asc": {
        "x": 50062.15456684322,
        "y": -30529.203596318766,
        "z": 426.4539591276757
    },
    "00084.asc": {
        "x": 50137.33660781254,
        "y": -30529.699990892892,
        "z": 420.5782801545347
    },
    "00085.asc": {
        "x": 50213.500740830066,
        "y": -30529.217920032243,
        "z": 414.6270672768278
    },
    "00086.asc": {
        "x": 50288.68278179939,
        "y": -30529.714314606354,
        "z": 408.7513883036868
    },
    "00087.asc": {
        "x": 50363.8648227687,
        "y": -30530.210709180472,
        "z": 402.87570933054667
    },
    "00088.asc": {
        "x": 50439.046863738025,
        "y": -30530.707103754597,
        "z": 397.0000303574052
    },
    "00089.asc": {
        "x": 50515.21814208852,
        "y": -30531.210029836257,
        "z": 391.0470398188286
    },
    "00090.asc": {
        "x": 50590.400183057835,
        "y": -30531.706424410375,
        "z": 385.17136084568756
    },
    "00091.asc": {
        "x": 50665.57507869418,
        "y": -30531.21782204217,
        "z": 379.29745953341717
    },
    "00092.asc": {
        "x": 50740.7571196635,
        "y": -30531.71421661628,
        "z": 373.42178056027615
    },
    "00097.asc": {
        "x": 51117.6494165583,
        "y": -30533.217724052105,
        "z": 343.96785179000653
    },
    "00098.asc": {
        "x": 51193.82069490879,
        "y": -30533.72065013378,
        "z": 338.0148612514299
    },
    "00099.asc": {
        "x": 51269.00273587811,
        "y": -30534.21704470789,
        "z": 332.1391822782889
    },
    "00100.asc": {
        "x": 51344.184776847425,
        "y": -30534.713439282008,
        "z": 326.2635033051479
    }
}